[
  {
    "id": 1,
    "name": "Espresso",
    "rating": 2
  },
  {
    "id": 8,
    "name": "Hazelnutella",
    "rating": 1
  },
  {
    "id": 6,
    "name": "Brownella",
    "rating": 2
  },
  {
    "id": 5,
    "name": "Mochaccino",
    "rating": 3
  },
  {
    "id": 7,
    "name": "Sweet Choco",
    "rating": 4
  },
  {
    "id": 3,
    "name": "Long Black",
    "rating": 5
  },
  {
    "id": 1,
    "name": "Espresso",
    "rating": 5
  },
  {
    "id": 2,
    "name": "Americano",
    "rating": 4
  },
  {
    "id": 8,
    "name": "Hazelnutella",
    "rating": 5
  },
  {
    "id": 4,
    "name": "Caffela",
    "rating": 3
  },
  {
    "id": 4,
    "name": "Caffela",
    "rating": 5
  },
  {
    "id": 8,
    "name": "Hazelnutella",
    "rating": 2
  }
]